dataset,subject,exit_1,exit_2,prediction_disagreement_pct,binary_error_correlation
IV-2a,1,S,M,6.944444444444445,0.6232519696370811
IV-2a,1,S,D,6.597222222222222,0.6294814720926716
IV-2a,1,S,F,9.027777777777777,0.5188646570343673
IV-2a,1,M,D,1.0416666666666665,0.9519475832576874
IV-2a,1,M,F,3.4722222222222223,0.8147582256820414
IV-2a,1,D,F,3.8194444444444446,0.7735624326254518
IV-2a,2,S,M,15.277777777777779,0.7382955349335462
IV-2a,2,S,D,15.277777777777779,0.7357925630556499
IV-2a,2,S,F,17.01388888888889,0.7001243155408121
IV-2a,2,M,D,3.4722222222222223,0.9504686335499757
IV-2a,2,M,F,8.333333333333332,0.8616238446998798
IV-2a,2,D,F,6.944444444444445,0.8776277942504052
IV-2a,3,S,M,3.8194444444444446,0.5161784345154994
IV-2a,3,S,D,4.166666666666666,0.48628267929231583
IV-2a,3,S,F,4.166666666666666,0.45303814108408685
IV-2a,3,M,D,0.3472222222222222,0.9469816226033047
IV-2a,3,M,F,2.430555555555556,0.5768179036829715
IV-2a,3,D,F,2.083333333333333,0.6604056805466271
IV-2a,4,S,M,12.5,0.4999804352504544
IV-2a,4,S,D,11.805555555555555,0.5231041031095629
IV-2a,4,S,F,11.805555555555555,0.5426095162342931
IV-2a,4,M,D,0.6944444444444444,0.9654447061958614
IV-2a,4,M,F,2.083333333333333,0.948119444628904
IV-2a,4,D,F,2.083333333333333,0.946685006519578
IV-2a,5,S,M,12.847222222222221,0.7054999568862447
IV-2a,5,S,D,13.194444444444445,0.6960669166708251
IV-2a,5,S,F,14.23611111111111,0.6746994312672521
IV-2a,5,M,D,2.083333333333333,0.9439756839125835
IV-2a,5,M,F,4.513888888888888,0.8738021786148191
IV-2a,5,D,F,3.8194444444444446,0.8878646576886683
IV-2a,6,S,M,12.5,0.7675259045922347
IV-2a,6,S,D,12.5,0.7675259045922347
IV-2a,6,S,F,11.805555555555555,0.7725858991498448
IV-2a,6,M,D,0.6944444444444444,0.9825570831566833
IV-2a,6,M,F,6.944444444444445,0.8818702024745662
IV-2a,6,D,F,6.944444444444445,0.8818702024745664
IV-2a,7,S,M,9.027777777777777,0.5438920184108584
IV-2a,7,S,D,9.375,0.5202536312813706
IV-2a,7,S,F,8.333333333333332,0.5867603548373299
IV-2a,7,M,D,1.0416666666666665,0.9091659564763733
IV-2a,7,M,F,2.7777777777777777,0.7629629629629631
IV-2a,7,D,F,2.430555555555556,0.7874366233916712
IV-2a,8,S,M,9.027777777777777,0.5600398951526687
IV-2a,8,S,D,7.986111111111111,0.6351290431060992
IV-2a,8,S,F,7.986111111111111,0.6187438240245032
IV-2a,8,M,D,2.083333333333333,0.8636363636363634
IV-2a,8,M,F,2.430555555555556,0.8440761634182556
IV-2a,8,D,F,2.430555555555556,0.8440761634182556
IV-2a,9,S,M,9.027777777777777,0.6062013500807154
IV-2a,9,S,D,9.375,0.5919797110312807
IV-2a,9,S,F,9.722222222222223,0.540375521484315
IV-2a,9,M,D,1.7361111111111112,0.9213889789075737
IV-2a,9,M,F,3.8194444444444446,0.7803755095555437
IV-2a,9,D,F,2.7777777777777777,0.8496139941241992
IV-2b,1,S,M,7.187499999999999,0.7815582873503001
IV-2b,1,S,D,5.9375,0.8216111405010929
IV-2b,1,S,F,7.8125,0.7620650175177128
IV-2b,1,M,D,1.875,0.9400232418674813
IV-2b,1,M,F,2.5,0.9168777193324242
IV-2b,1,D,F,3.75,0.8792254036816172
IV-2b,2,S,M,18.571428571428573,0.5229131095959887
IV-2b,2,S,D,16.428571428571427,0.5865809323281316
IV-2b,2,S,F,16.785714285714285,0.554786973130152
IV-2b,2,M,D,5.714285714285714,0.8584101030723947
IV-2b,2,M,F,7.5,0.8064391659526181
IV-2b,2,D,F,9.642857142857144,0.7574118049989778
IV-2b,3,S,M,19.375,0.41027180879940844
IV-2b,3,S,D,20.9375,0.36178658651436374
IV-2b,3,S,F,19.6875,0.3873965967381737
IV-2b,3,M,D,4.6875,0.820820364509824
IV-2b,3,M,F,10.3125,0.5799996820422935
IV-2b,3,D,F,10.625,0.5718873851133838
IV-2b,4,S,M,2.1875,0.39982335877026964
IV-2b,4,S,D,3.125,0.272997686708366
IV-2b,4,S,F,2.8125,0.3026137663344014
IV-2b,4,M,D,0.9375,0.7037528961228234
IV-2b,4,M,F,0.625,0.7721492802826471
IV-2b,4,D,F,0.9375,0.7256534839730863
IV-2b,5,S,M,2.8125,0.4928511014514349
IV-2b,5,S,D,3.125,0.401778018960615
IV-2b,5,S,F,3.125,0.401778018960615
IV-2b,5,M,D,0.3125,0.8152117704056813
IV-2b,5,M,F,0.3125,0.8152117704056813
IV-2b,5,D,F,0.0,1.0
IV-2b,6,S,M,9.375,0.5722302187359237
IV-2b,6,S,D,9.0625,0.5746253657960363
IV-2b,6,S,F,9.0625,0.5843065474681438
IV-2b,6,M,D,2.8125,0.8404822436212432
IV-2b,6,M,F,4.0625,0.7775112544942451
IV-2b,6,D,F,3.125,0.8183918171270468
IV-2b,7,S,M,5.0,0.6588967801716347
IV-2b,7,S,D,5.0,0.6588967801716348
IV-2b,7,S,F,4.375,0.7096018926134556
IV-2b,7,M,D,0.625,0.9511897498474677
IV-2b,7,M,F,1.875,0.8604291160974248
IV-2b,7,D,F,1.875,0.8604291160974249
IV-2b,8,S,M,3.4375000000000004,0.7197584308167067
IV-2b,8,S,D,4.0625,0.6779098771892819
IV-2b,8,S,F,3.4375000000000004,0.7197584308167067
IV-2b,8,M,D,1.875,0.833473130290275
IV-2b,8,M,F,0.625,0.9411331861662988
IV-2b,8,D,F,1.875,0.8334731302902751
IV-2b,9,S,M,5.0,0.7301465228833537
IV-2b,9,S,D,5.3125,0.7167072176664799
IV-2b,9,S,F,5.625,0.703825586178527
IV-2b,9,M,D,1.5625,0.9145176429513807
IV-2b,9,M,F,3.75,0.7977526824095902
IV-2b,9,D,F,3.4375000000000004,0.8167419558112634
