dataset,subject,exit,n_trials,accuracy_pct,error_rate,ece_15,nll,brier_sum
IV-2a,1,S,288,88.88888888888889,0.1111111111111111,0.051658677952725066,0.3549497381001684,0.19170575717734337
IV-2a,1,M,288,92.70833333333334,0.07291666666666667,0.0378844103751999,0.29647328062289996,0.13368248037397734
IV-2a,1,D,288,92.01388888888889,0.0798611111111111,0.03105203959022068,0.29587727941361125,0.1359812079026147
IV-2a,1,F,288,91.31944444444444,0.08680555555555555,0.03810405633343725,0.27953673997694367,0.13347926685433759
IV-2a,1,Fusion,288,93.05555555555556,0.06944444444444445,0.04052227686859832,0.27708668847010026,0.1279832837462066
IV-2a,2,S,288,69.09722222222221,0.3090277777777778,0.08012807165170452,0.9264648135845786,0.46046331571360444
IV-2a,2,M,288,69.79166666666666,0.3020833333333333,0.18685365206553167,1.0465700445729442,0.4917947838220488
IV-2a,2,D,288,71.18055555555556,0.2881944444444444,0.18091768717377868,1.0450529519070073,0.48310046591382894
IV-2a,2,F,288,68.75,0.3125,0.19970264046402197,1.0631815533977584,0.4993296328379848
IV-2a,2,Fusion,288,70.13888888888889,0.2986111111111111,0.18808801774182188,1.0057107077986078,0.48261080118127453
IV-2a,3,S,288,95.13888888888889,0.04861111111111111,0.06679507334695413,0.17557631497291087,0.07571803473726677
IV-2a,3,M,288,96.875,0.03125,0.035462816435486544,0.11321346802795279,0.0457269051931861
IV-2a,3,D,288,96.52777777777779,0.034722222222222224,0.042094140123646956,0.10841886817823095,0.043581562593058454
IV-2a,3,F,288,97.22222222222221,0.027777777777777776,0.03316636805152334,0.11223041795156401,0.04430126401212123
IV-2a,3,Fusion,288,97.56944444444444,0.024305555555555556,0.0406557219052343,0.10669319316167344,0.041689909835203875
IV-2a,4,S,288,85.41666666666666,0.14583333333333334,0.06660927738595726,0.41095253116837477,0.22222092236715513
IV-2a,4,M,288,88.54166666666666,0.11458333333333333,0.047024702800977355,0.4063630413244785,0.19259930392254349
IV-2a,4,D,288,89.23611111111111,0.1076388888888889,0.05604662177131001,0.4008313490407302,0.18773119771508548
IV-2a,4,F,288,88.88888888888889,0.1111111111111111,0.05081170053566919,0.38617970050826067,0.18050833432982458
IV-2a,4,Fusion,288,89.23611111111111,0.1076388888888889,0.045495676478804925,0.38118746734405073,0.18232712596799283
IV-2a,5,S,288,75.34722222222221,0.2465277777777778,0.07687221902901385,0.648071887558892,0.34724465317409786
IV-2a,5,M,288,81.59722222222221,0.1840277777777778,0.1251298688256932,0.6980955065382494,0.32718047009537377
IV-2a,5,D,288,80.55555555555556,0.19444444444444445,0.12155474132858862,0.6981971706692531,0.3270341310239173
IV-2a,5,F,288,81.25,0.1875,0.1189757798786932,0.6709593642129101,0.31667998807133635
IV-2a,5,Fusion,288,81.25,0.1875,0.12082234930386634,0.6647046747277454,0.3192754085766482
IV-2a,6,S,288,71.52777777777779,0.2847222222222222,0.10880421026131376,0.8284600957212113,0.42778630226960845
IV-2a,6,M,288,72.56944444444444,0.2743055555555556,0.1805675074399799,0.9541389943487262,0.46059369291083424
IV-2a,6,D,288,72.56944444444444,0.2743055555555556,0.18996668050585178,0.9749552983173805,0.47003549045471715
IV-2a,6,F,288,70.48611111111111,0.2951388888888889,0.19435453191926982,0.9733300113538892,0.4744324919382341
IV-2a,6,Fusion,288,73.61111111111111,0.2638888888888889,0.17333165587879829,0.932765278781563,0.4574130299214695
IV-2a,7,S,288,87.15277777777779,0.1284722222222222,0.05470520984343716,0.32256174590575,0.1680795440717548
IV-2a,7,M,288,93.75,0.0625,0.02352711539147568,0.24432290408670887,0.10383749413531869
IV-2a,7,D,288,94.09722222222221,0.059027777777777776,0.021961343271506062,0.2473916567828941,0.1060048865093828
IV-2a,7,F,288,93.75,0.0625,0.023849386886595533,0.24646733771386803,0.10901218388669359
IV-2a,7,Fusion,288,95.13888888888889,0.04861111111111111,0.025204932431235394,0.23926409159860473,0.10444853189084181
IV-2a,8,S,288,87.15277777777779,0.1284722222222222,0.05642504102095519,0.38158964126249806,0.19554487214413518
IV-2a,8,M,288,91.66666666666666,0.08333333333333333,0.04613551649370345,0.31363736851118645,0.1473081761847744
IV-2a,8,D,288,91.66666666666666,0.08333333333333333,0.051027661169313766,0.31267632824174807,0.14689002179657298
IV-2a,8,F,288,91.31944444444444,0.08680555555555555,0.038737953739351794,0.32310280828208643,0.1488152339201323
IV-2a,8,Fusion,288,92.01388888888889,0.0798611111111111,0.040106382331830184,0.3036573840248768,0.14449204623511744
IV-2a,9,S,288,87.5,0.125,0.029701596865218775,0.3803878214457527,0.19620156506127706
IV-2a,9,M,288,89.93055555555556,0.10069444444444445,0.03954639465557661,0.3305070433822554,0.1587841559768845
IV-2a,9,D,288,91.31944444444444,0.08680555555555555,0.04430681610479847,0.3279852086417388,0.15161977518065362
IV-2a,9,F,288,90.97222222222221,0.09027777777777778,0.04222294319949308,0.3339627702440977,0.15127025140933156
IV-2a,9,Fusion,288,91.31944444444444,0.08680555555555555,0.027761309753999323,0.31594503918107525,0.14844315026740038
IV-2b,1,S,320,78.125,0.21875,0.07950093607426523,0.4996740071402419,0.30439881567739235
IV-2b,1,M,320,81.5625,0.184375,0.12225003225529653,0.5501468848708442,0.31246752529504673
IV-2b,1,D,320,80.3125,0.196875,0.1269946782165808,0.5751743280351486,0.328771534128992
IV-2b,1,F,320,81.5625,0.184375,0.12159008302801178,0.5572063871830711,0.31487264191271
IV-2b,1,Fusion,320,82.1875,0.178125,0.139229941198659,0.5425185753136382,0.31317297781446346
IV-2b,2,S,280,74.28571428571429,0.2571428571428571,0.06210816258986421,0.5631418286942005,0.3680350813843123
IV-2b,2,M,280,72.85714285714285,0.2714285714285714,0.11986060847618493,0.6029743785713239,0.39626476902530516
IV-2b,2,D,280,71.42857142857143,0.2857142857142857,0.10599806261198616,0.5913957039562553,0.39326346546760393
IV-2b,2,F,280,75.35714285714286,0.24642857142857144,0.14368436334095558,0.6349621684838926,0.40105873024940764
IV-2b,2,Fusion,280,74.28571428571429,0.2571428571428571,0.11734932863833777,0.5841350312038094,0.38334167596928875
IV-2b,3,S,320,75.9375,0.240625,0.06037610021938955,0.5351422513314755,0.3503902780552076
IV-2b,3,M,320,84.6875,0.153125,0.03653620630376049,0.3574354593021307,0.22182723346903338
IV-2b,3,D,320,84.375,0.15625,0.07990450305957465,0.34930241407594076,0.21573365496253
IV-2b,3,F,320,86.875,0.13125,0.02648815862212809,0.31192396224268715,0.19133366823500558
IV-2b,3,Fusion,320,86.5625,0.134375,0.04573736954827338,0.32191111734204025,0.1952789235751316
IV-2b,4,S,320,97.5,0.025,0.03857990657800874,0.08599025418612757,0.04134787790599716
IV-2b,4,M,320,99.0625,0.009375,0.02134139465113749,0.05752372832634828,0.02560841015397435
IV-2b,4,D,320,98.125,0.01875,0.02029812100748687,0.06153322233000062,0.028136032651376163
IV-2b,4,F,320,98.4375,0.015625,0.019270125778559744,0.05935742749026871,0.026948793905177976
IV-2b,4,Fusion,320,99.0625,0.009375,0.02285995191033953,0.058553032414864516,0.026109711609642983
IV-2b,5,S,320,96.25,0.0375,0.04756312244010266,0.11058526095892818,0.05420053348898035
IV-2b,5,M,320,99.0625,0.009375,0.02150565429928597,0.04258339645081258,0.01526744880274144
IV-2b,5,D,320,99.375,0.00625,0.02766698016517072,0.04542842509764868,0.015810152699058777
IV-2b,5,F,320,99.375,0.00625,0.023087132104472465,0.03989911152042265,0.012156067508037905
IV-2b,5,Fusion,320,99.375,0.00625,0.02582495616079178,0.0448244281471144,0.014734531102900622
IV-2b,6,S,320,85.9375,0.140625,0.07345944178004184,0.3077086241672379,0.1895761044982182
IV-2b,6,M,320,89.6875,0.103125,0.02910768115332389,0.23490357482399604,0.14308772741406645
IV-2b,6,D,320,91.25,0.0875,0.03497164588595504,0.23688453374052018,0.14093905210984184
IV-2b,6,F,320,90.0,0.1,0.038627266131251725,0.2618670477777719,0.15799366351625727
IV-2b,6,Fusion,320,90.625,0.09375,0.030061294331764674,0.23971870111785593,0.14501271238717145
IV-2b,7,S,320,91.25,0.0875,0.031525383771835225,0.23874688651681134,0.14050609638536501
IV-2b,7,M,320,93.125,0.06875,0.03682868621663063,0.2270495564301953,0.12230730547288812
IV-2b,7,D,320,93.125,0.06875,0.03907521889354816,0.2270941180135675,0.12405271804218085
IV-2b,7,F,320,92.5,0.075,0.035597890932881474,0.22407392966076994,0.11859662530883508
IV-2b,7,Fusion,320,93.125,0.06875,0.03090783849399853,0.21929071582909904,0.11957714237096044
IV-2b,8,S,320,92.8125,0.071875,0.031320718877368245,0.18662357220591064,0.11297973591999763
IV-2b,8,M,320,94.375,0.05625,0.03817385320950763,0.17745967759669584,0.10078158511848997
IV-2b,8,D,320,93.75,0.0625,0.033803448055765344,0.18762886737355888,0.10715845084676516
IV-2b,8,F,320,94.375,0.05625,0.028029352537029706,0.16914374109715904,0.09708187566046797
IV-2b,8,Fusion,320,94.6875,0.053125,0.03534604545218835,0.17389599107702422,0.09994761982280834
IV-2b,9,S,320,89.375,0.10625,0.05882448100574564,0.2762177180623917,0.16407739114190684
IV-2b,9,M,320,90.0,0.1,0.0432983753390209,0.28782384803227823,0.17145892842845814
IV-2b,9,D,320,89.6875,0.103125,0.03954100203241112,0.29206836496846683,0.17396139980734796
IV-2b,9,F,320,89.375,0.10625,0.03298380554627356,0.276378735433028,0.16521902837685515
IV-2b,9,Fusion,320,90.0,0.1,0.030932690991587145,0.2758249412431314,0.1648259706502535
